Datetime,Datetime,RemainingSimulationTimeMetric,WillFinishTooSoonContext,ETPercentile,SimulationLeftNumber,MinimumCoresContext,SimulationElapsedTime,NotFinishedOnTime,MinimumCores,TotalCores,NotFinishedOnTimeContext,NotFinished,EstimatedRemainingTimeContext
1613649557,1613649557,7176,,42,900,,24,,,7,,,
1613649587,1613649587,7146,,42,899,,54,,,7,,,
1613649599,1613649599,,,,,,,,,,,,1179.9375
1613649617,1613649617,7116,,42,897,,84,,,7,,,
1613649620,1613649620,,,,,11,,,11,,,,
1613649629,1613649629,,,,,,,,,,,,1177.3125
1613649639,1613649639,,-1632.8625,,,,,,,,-2336.0625,,
1613649647,1613649647,7086,,42,894,,114,,,7,,,
1613649650,1613649650,,,,,11,,,11,,,,
1613649659,1613649659,,,,,,,,,,,,1173.375
1613649669,1613649669,,-1611.4875,,,,,,,,-2308.6875,,
1613649677,1613649677,7056,,44,892,,144,,,7,,,
1613649680,1613649680,,,,,12,,,12,,,,
1613649689,1613649689,,,,,,,,,,,,1226.5
1613649699,1613649699,,-1591.425,,,,,,,,-2282.625,,
1613649707,1613649707,7026,,69,888,,174,,,7,,,
1613649710,1613649710,,,,,18,,,18,,,,
1613649719,1613649719,,,,,,,,,,,,1914.75
1613649729,1613649729,,-1514.3,,,,,,,,-2199.5,,
1613649737,1613649737,6996,,73,887,,204,,,7,,,
1613649740,1613649740,,,,,20,,,20,,,,
1613649749,1613649749,,,,,,,,,,,,2023.46875
1613649759,1613649759,,-802.05,,,,,,,,-1481.25,,
1613649767,1613649767,6966,,79,885,,234,,,7,,,
1613649770,1613649770,,,,,22,,,22,,,,
1613649779,1613649779,,,,,,,,,,,,2184.84375
1613649789,1613649789,,-669.33125,,,,,,,,-1342.53125,,
1613649797,1613649797,6936,,80,881,,264,,,7,,,
1613649800,1613649800,,,,,21,,,21,,,,
1613649809,1613649809,,,,,,,,,,,,2202.5
1613649819,1613649819,,-483.9562500000002,,,,,,,,-1151.15625,,
1613649827,1613649827,6906,,80,879,,294,,,7,,,
1613649830,1613649830,,,,,22,,,22,,,,
1613649839,1613649839,,,,,,,,,,,,2197.5
1613649849,1613649849,,-442.3000000000002,,,,,,,,-1103.5,,
1613649857,1613649857,6876,,79,878,,324,,,7,,,
1613649860,1613649860,,,,,22,,,22,,,,
1613649869,1613649869,,,,,,,,,,,,2167.5625
1613649879,1613649879,,-423.3000000000002,,,,,,,,-1078.5,,
1613649887,1613649887,6846,,80,873,,354,,,7,,,
1613649890,1613649890,,,,,22,,,22,,,,
1613649899,1613649899,,,,,,,,,,,,2182.5
1613649909,1613649909,,-429.2375000000002,,,,,,,,-1078.4375,,
1613649917,1613649917,6816,,79,870,,384,,,7,,,
1613649920,1613649920,,,,,22,,,22,,,,
1613649929,1613649929,,,,,,,,,,,,2147.8125
1613649939,1613649939,,-390.3000000000002,,,,,,,,-1033.5,,
1613649947,1613649947,6786,,78,867,,414,,,7,,,
1613649950,1613649950,,,,,22,,,22,,,,
1613649959,1613649959,,,,,,,,,,,,2113.3125
1613649969,1613649969,,-400.9875000000002,,,,,,,,-1038.1875,,
1613649977,1613649977,6756,,78,866,,444,,,7,,,
1613649980,1613649980,,,,,22,,,22,,,,
1613649989,1613649989,,,,,,,,,,,,2110.875
1613649999,1613649999,,-411.4875000000002,,,,,,,,-1042.6875,,
1613650007,1613650007,6726,,78,863,,474,,,7,,,
1613650010,1613650010,,,,,22,,,22,,,,
1613650019,1613650019,,,,,,,,,,,,2103.5625
1613650029,1613650029,,-389.9250000000002,,,,,,,,-1015.125,,
1613650037,1613650037,6696,,78,859,,504,,,7,,,
1613650040,1613650040,,,,,22,,,22,,,,
1613650049,1613650049,,,,,,,,,,,,2093.8125
1613650059,1613650059,,-373.2375000000002,,,,,,,,-992.4375,,
1613650067,1613650067,6666,,78,859,,534,,,7,,,
1613650070,1613650070,,,,,23,,,23,,,,
1613650079,1613650079,,,,,,,,,,,,2093.8125
1613650089,1613650089,,-358.9875000000002,,,,,,,,-972.1875,,
1613650097,1613650097,6636,,79,856,,564,,,7,,,
1613650100,1613650100,,,,,23,,,23,,,,
1613650109,1613650109,,,,,,,,,,,,2113.25
1613650119,1613650119,,-334.9875000000002,,,,,,,,-942.1875,,
1613650127,1613650127,6606,,79,852,,594,,,7,,,
1613650130,1613650130,,,,,23,,,23,,,,
1613650139,1613650139,,,,,,,,,,,,2103.375
1613650149,1613650149,,-291.5500000000002,,,,,,,,-892.75,,
1613650157,1613650157,6576,,80,851,,624,,,7,,,
1613650160,1613650160,,,,,23,,,23,,,,
1613650169,1613650169,,,,,,,,,,,,2127.5
1613650179,1613650179,,-277.4250000000002,,,,,,,,-872.625,,
1613650187,1613650187,6546,,80,849,,654,,,7,,,
1613650190,1613650190,,,,,23,,,23,,,,
1613650199,1613650199,,,,,,,,,,,,2122.5
1613650209,1613650209,,-229.3000000000002,,,,,,,,-818.5,,
1613650217,1613650217,6516,,79,843,,684,,,7,,,
1613650220,1613650220,,,,,23,,,23,,,,
1613650229,1613650229,,,,,,,,,,,,2081.15625
1613650239,1613650239,,-210.3000000000002,,,,,,,,-793.5,,
1613650247,1613650247,6486,,78,841,,714,,,7,,,
1613650250,1613650250,,,,,23,,,23,,,,
1613650259,1613650259,,,,,,,,,,,,2049.9375
1613650269,1613650269,,-227.6437500000002,,,,,,,,-804.84375,,
1613650277,1613650277,6456,,78,838,,744,,,7,,,
1613650280,1613650280,,,,,23,,,23,,,,
1613650289,1613650289,,,,,,,,,,,,2042.625
1613650299,1613650299,,-234.8625000000002,,,,,,,,-806.0625,,
1613650307,1613650307,6426,,78,836,,774,,,7,,,
1613650310,1613650310,,,,,24,,,24,,,,
1613650319,1613650319,,,,,,,,,,,,2037.75
1613650329,1613650329,,-218.1750000000002,,,,,,,,-783.375,,
1613650337,1613650337,6396,,78,833,,804,,,7,,,
1613650340,1613650340,,,,,24,,,24,,,,
1613650349,1613650349,,,,,,,,,,,,2030.4375
1613650359,1613650359,,-199.0500000000002,,,,,,,,-758.25,,
1613650367,1613650367,6366,,78,830,,834,,,7,,,
1613650370,1613650370,,,,,24,,,24,,,,
1613650379,1613650379,,,,,,,,,,,,2023.125
1613650389,1613650389,,-182.3625000000002,,,,,,,,-735.5625,,
1613650397,1613650397,6336,,78,829,,864,,,7,,,
1613650400,1613650400,,,,,24,,,24,,,,
1613650409,1613650409,,,,,,,,,,,,2020.6875
1613650419,1613650419,,-165.6750000000002,,,,,,,,-712.875,,
1613650427,1613650427,6306,,79,826,,894,,,7,,,
1613650430,1613650430,,,,,25,,,25,,,,
1613650439,1613650439,,,,,,,,,,,,2039.1875
1613650449,1613650449,,-144.1125000000002,,,,,,,,-685.3125,,
1613650457,1613650457,6276,,79,823,,924,,,7,,,
1613650460,1613650460,,,,,25,,,25,,,,
1613650469,1613650469,,,,,,,,,,,,2031.78125
1613650479,1613650479,,-101.6125000000002,,,,,,,,-636.8125,,
1613650487,1613650487,6246,,79,821,,954,,,7,,,
1613650490,1613650490,,,,,25,,,25,,,,
1613650499,1613650499,,,,,,,,,,,,2026.84375
1613650509,1613650509,,-85.0187500000002,,,,,,,,-614.21875,,
1613650517,1613650517,6216,,79,819,,984,,,7,,,
1613650520,1613650520,,,,,25,,,25,,,,
1613650529,1613650529,,,,,,,,,,,,2021.90625
1613650539,1613650539,,-65.9562500000002,,,,,,,,-589.15625,,
1613650547,1613650547,6186,,78,813,,1014,,,7,,,
1613650550,1613650550,,,,,25,,,25,,,,
1613650559,1613650559,,,,,,,,,,,,1981.6875
1613650569,1613650569,,-46.89375000000018,,,,,,,,-564.09375,,
1613650577,1613650577,6156,,77,810,,1044,,,7,,,
1613650580,1613650580,,,,,25,,,25,,,,
1613650589,1613650589,,,,,,,,,,,,1949.0625
1613650599,1613650599,,-63.11249999999996,,,,,,,,-574.3125,,
1613650607,1613650607,6126,,78,808,,1074,,,7,,,
1613650610,1613650610,,,,,26,,,26,,,,
1613650619,1613650619,,,,,,,,,,,,1969.5
1613650629,1613650629,,-71.7375,,,,,,,,-576.9375,,
1613650637,1613650637,6096,,78,807,,1104,,,7,,,
1613650640,1613650640,,,,,26,,,26,,,,
1613650649,1613650649,,,,,,,,,,,,1967.0625
1613650659,1613650659,,-27.29999999999996,,,,,,,,-526.5,,
1613650667,1613650667,6066,,77,803,,1134,,,7,,,
1613650670,1613650670,,,,,26,,,26,,,,
1613650679,1613650679,,,,,,,,,,,,1932.21875
1613650689,1613650689,,-5.737499999999955,,,,,,,,-498.9375,,
1613650697,1613650697,6036,,78,801,,1164,,,7,,,
1613650700,1613650700,,,,,26,,,26,,,,
1613650709,1613650709,,,,,,,,,,,,1952.4375
1613650719,1613650719,,-16.58124999999996,,,,,,,,-503.78125,,
1613650727,1613650727,6006,,78,800,,1194,,,7,,,
1613650730,1613650730,,,,,26,,,26,,,,
1613650739,1613650739,,,,,,,,,,,,1950
1613650749,1613650749,,27.63750000000005,,,,,,,,-453.5625,,
1613650757,1613650757,5976,,78,795,,1224,,,7,,,
1613650760,1613650760,,,,,27,,,27,,,,
1613650769,1613650769,,,,,,,,,,,,1937.8125
1613650779,1613650779,,49.20000000000005,,,,,,,,-426,,
1613650787,1613650787,5946,,78,793,,1254,,,7,,,
1613650790,1613650790,,,,,27,,,27,,,,
1613650799,1613650799,,,,,,,,,,,,1932.9375
1613650809,1613650809,,61.01250000000005,,,,,,,,-408.1875,,
1613650817,1613650817,5916,,78,792,,1284,,,7,,,
1613650820,1613650820,,,,,27,,,27,,,,
1613650829,1613650829,,,,,,,,,,,,1930.5
1613650839,1613650839,,80.1375000000001,,,,,,,,-383.0625,,
1613650847,1613650847,5886,,79,788,,1314,,,7,,,
1613650850,1613650850,,,,,28,,,28,,,,
1613650859,1613650859,,,,,,,,,,,,1945.375
1613650869,1613650869,,101.7000000000001,,,,,,,,-355.5,,
1613650877,1613650877,5856,,77,782,,1344,,,7,,,
1613650880,1613650880,,,,,27,,,27,,,,
1613650889,1613650889,,,,,,,,,,,,1881.6875
1613650899,1613650899,,140.5750000000001,,,,,,,,-310.625,,
1613650907,1613650907,5826,,77,780,,1374,,,7,,,
1613650910,1613650910,,,,,27,,,27,,,,
1613650919,1613650919,,,,,,,,,,,,1876.875
1613650929,1613650929,,100.8875000000001,,,,,,,,-344.3125,,
1613650937,1613650937,5796,,76,776,,1404,,,7,,,
1613650940,1613650940,,,,,27,,,27,,,,
1613650949,1613650949,,,,,,,,,,,,1843
1613650959,1613650959,,120.0750000000001,,,,,,,,-319.125,,
1613650967,1613650967,5766,,76,775,,1434,,,7,,,
1613650970,1613650970,,,,,28,,,28,,,,
1613650979,1613650979,,,,,,,,,,,,1840.625
1613650989,1613650989,,110.2000000000001,,,,,,,,-323,,
1613650997,1613650997,5736,,77,773,,1464,,,7,,,
1613651000,1613651000,,,,,28,,,28,,,,
1613651009,1613651009,,,,,,,,,,,,1860.03125
1613651019,1613651019,,131.8250000000001,,,,,,,,-295.375,,
1613651027,1613651027,5706,,77,769,,1494,,,7,,,
1613651030,1613651030,,,,,29,,,29,,,,
1613651039,1613651039,,,,,,,,,,,,1850.40625
1613651049,1613651049,,175.2312500000001,,,,,,,,-245.96875,,
1613651057,1613651057,5676,,77,768,,1524,,,7,,,
1613651060,1613651060,,,,,29,,,29,,,,
1613651069,1613651069,,,,,,,,,,,,1848
1613651079,1613651079,,189.6062500000001,,,,,,,,-225.59375,,
1613651087,1613651087,5646,,77,766,,1554,,,7,,,
1613651090,1613651090,,,,,30,,,30,,,,
1613651099,1613651099,,,,,,,,,,,,1843.1875
1613651109,1613651109,,211.2000000000001,,,,,,,,-198,,
1613651117,1613651117,5616,,77,761,,1584,,,7,,,
1613651120,1613651120,,,,,30,,,30,,,,
1613651129,1613651129,,,,,,,,,,,,1831.15625
1613651139,1613651139,,230.3875000000001,,,,,,,,-172.8125,,
1613651147,1613651147,5586,,77,761,,1614,,,7,,,
1613651150,1613651150,,,,,30,,,30,,,,
1613651159,1613651159,,,,,,,,,,,,1831.15625
1613651169,1613651169,,242.3562500000001,,,,,,,,-154.84375,,
1613651177,1613651177,5556,,77,758,,1644,,,7,,,
1613651180,1613651180,,,,,31,,,31,,,,
1613651189,1613651189,,,,,,,,,,,,1823.9375
1613651199,1613651199,,266.3562500000001,,,,,,,,-124.84375,,
1613651207,1613651207,5526,,76,749,,1674,,,7,,,
1613651210,1613651210,,,,,30,,,30,,,,
1613651219,1613651219,,,,,,,,,,,,1778.875
1613651229,1613651229,,283.1375000000001,,,,,,,,-102.0625,,
1613651237,1613651237,5496,,76,747,,1704,,,7,,,
1613651240,1613651240,,,,,30,,,30,,,,
1613651249,1613651249,,,,,,,,,,,,1774.125
1613651259,1613651259,,262.0750000000001,,,,,,,,-117.125,,
1613651267,1613651267,5466,,76,744,,1734,,,7,,,
1613651270,1613651270,,,,,31,,,31,,,,
1613651279,1613651279,,,,,,,,,,,,1767
1613651289,1613651289,,281.3250000000001,,,,,,,,-91.875,,
1613651297,1613651297,5436,,76,742,,1764,,,7,,,
1613651300,1613651300,,,,,31,,,31,,,,
1613651309,1613651309,,,,,,,,,,,,1762.25
1613651319,1613651319,,298.2000000000001,,,,,,,,-69,,
1613651327,1613651327,5406,,76,739,,1794,,,7,,,
1613651330,1613651330,,,,,31,,,31,,,,
1613651339,1613651339,,,,,,,,,,,,1755.125
1613651349,1613651349,,317.4500000000001,,,,,,,,-43.75,,
1613651357,1613651357,5376,,76,737,,1824,,,7,,,
1613651360,1613651360,,,,,33,,,33,,,,
1613651369,1613651369,,,,,,,,,,,,1750.375
1613651379,1613651379,,334.3250000000001,,,,,,,,-20.875,,
1613651387,1613651387,5346,,76,735,,1854,,,7,,,
1613651390,1613651390,,,,,32,,,32,,,,
1613651399,1613651399,,,,,,,,,,,,1745.625
1613651409,1613651409,,353.5750000000001,,,,,4.375,,,4.375,4.375,
1613651417,1613651417,5316,,76,732,,1884,,,7,,,
1613651420,1613651420,,,,,34,,,34,,,,
1613651429,1613651429,,,,,,,,,,,,1738.5
1613651439,1613651439,,372.8250000000001,,,,,29.625,,,29.625,29.625,
1613651447,1613651447,5286,,76,730,,1914,,,7,,,
1613651450,1613651450,,,,,34,,,34,,,,
1613651459,1613651459,,,,,,,,,,,,1733.75
1613651469,1613651469,,389.7000000000001,,,,,52.5,,,52.5,52.5,
1613651477,1613651477,5256,,76,727,,1944,,,7,,,
1613651480,1613651480,,,,,34,,,34,,,,
1613651489,1613651489,,,,,,,,,,,,1726.625
1613651499,1613651499,,408.9500000000001,,,,,77.75,,,77.75,77.75,
1613651507,1613651507,5226,,75,718,,1974,,,7,,,
1613651510,1613651510,,,,,33,,,33,,,,
1613651519,1613651519,,,,,,,,,,,,1682.8125
1613651529,1613651529,,425.8250000000001,,,,,100.625,,,100.625,100.625,
1613651537,1613651537,5196,,75,716,,2004,,,7,,,
1613651540,1613651540,,,,,35,,,35,,,,
1613651549,1613651549,,,,,,,,,,,,1678.125
1613651559,1613651559,,406.0125000000001,,,,,86.8125,,,86.8125,86.8125,
1613651567,1613651567,5166,,75,713,,2034,,,7,,,
1613651570,1613651570,,,,,34,,,34,,,,
1613651579,1613651579,,,,,,,,,,,,1671.09375
1613651589,1613651589,,425.3250000000001,,,,,112.125,,,112.125,112.125,
1613651597,1613651597,5136,,75,712,,2064,,,7,,,
1613651600,1613651600,,,,,36,,,36,,,,
1613651609,1613651609,,,,,,,,,,,,1668.75
1613651619,1613651619,,442.2937500000001,,,,,135.09375,,,135.09375,135.09375,
1613651627,1613651627,5106,,75,709,,2094,,,7,,,
1613651630,1613651630,,,,,36,,,36,,,,
1613651639,1613651639,,,,,,,,,,,,1661.71875
1613651649,1613651649,,463.9500000000001,,,,,162.75,,,162.75,162.75,
1613651657,1613651657,5076,,75,706,,2124,,,7,,,
1613651660,1613651660,,,,,36,,,36,,,,
1613651669,1613651669,,,,,,,,,,,,1654.6875
1613651679,1613651679,,480.9187500000001,,,,,185.71875,,,185.71875,185.71875,
1613651687,1613651687,5046,,75,705,,2154,,,7,,,
1613651690,1613651690,,,,,38,,,38,,,,
1613651699,1613651699,,,,,,,,,,,,1652.34375
1613651709,1613651709,,497.8875000000001,,,,,208.6875,,,208.6875,208.6875,
1613651717,1613651717,5016,,75,701,,2184,,,7,,,
1613651720,1613651720,,,,,37,,,37,,,,
1613651729,1613651729,,,,,,,,,,,,1642.96875
1613651739,1613651739,,519.54375,,,,,236.34375,,,236.34375,236.34375,
1613651747,1613651747,4986,,75,700,,2214,,,7,,,
1613651750,1613651750,,,,,39,,,39,,,,
1613651759,1613651759,,,,,,,,,,,,1640.625
1613651769,1613651769,,534.16875,,,,,256.96875,,,256.96875,256.96875,
1613651777,1613651777,4956,,75,698,,2244,,,7,,,
1613651780,1613651780,,,,,39,,,39,,,,
1613651789,1613651789,,,,,,,,,,,,1635.9375
1613651799,1613651799,,555.825,,,,,284.625,,,284.625,284.625,
1613651807,1613651807,4926,,74,687,,2274,,,7,,,
1613651810,1613651810,,,,,39,,,39,,,,
1613651819,1613651819,,,,,,,,,,,,1588.6875
1613651829,1613651829,,575.1375,,,,,309.9375,,,309.9375,309.9375,
1613651837,1613651837,4896,,74,685,,2304,,,7,,,
1613651840,1613651840,,,,,41,,,41,,,,
1613651849,1613651849,,,,,,,,,,,,1584.0625
1613651859,1613651859,,551.8875,,,,,292.6875,,,292.6875,292.6875,
1613651867,1613651867,4866,,74,683,,2334,,,7,,,
1613651870,1613651870,,,,,41,,,41,,,,
1613651879,1613651879,,,,,,,,,,,,1579.4375
1613651889,1613651889,,571.2625,,,,,318.0625,,,318.0625,318.0625,
1613651897,1613651897,4836,,74,680,,2364,,,7,,,
1613651900,1613651900,,,,,40,,,40,,,,
1613651909,1613651909,,,,,,,,,,,,1572.5
1613651919,1613651919,,590.6375,,,,,343.4375,,,343.4375,343.4375,
1613651927,1613651927,4806,,74,677,,2394,,,7,,,
1613651930,1613651930,,,,,43,,,43,,,,
1613651939,1613651939,,,,,,,,,,,,1565.5625
1613651949,1613651949,,607.7,,,,,366.5,,,366.5,366.5,
1613651957,1613651957,4776,,74,675,,2424,,,7,,,
1613651960,1613651960,,,,,43,,,43,,,,
1613651969,1613651969,,,,,,,,,,,,1560.9375
1613651979,1613651979,,624.7625,,,,,389.5625,,,389.5625,389.5625,
1613651987,1613651987,4746,,74,674,,2454,,,7,,,
1613651990,1613651990,,,,,45,,,45,,,,
1613651999,1613651999,,,,,,,,,,,,1558.625
1613652009,1613652009,,644.1375,,,,,414.9375,,,414.9375,414.9375,
1613652017,1613652017,4716,,74,670,,2484,,,7,,,
1613652020,1613652020,,,,,45,,,45,,,,
1613652029,1613652029,,,,,,,,,,,,1549.375
1613652039,1613652039,,665.825,,,,,442.625,,,442.625,442.625,
1613652047,1613652047,4686,,74,668,,2514,,,7,,,
1613652050,1613652050,,,,,45,,,45,,,,
1613652059,1613652059,,,,,,,,,,,,1544.75
1613652069,1613652069,,680.575,,,,,463.375,,,463.375,463.375,
1613652077,1613652077,4656,,73,658,,2544,,,7,,,
1613652080,1613652080,,,,,47,,,47,,,,
1613652089,1613652089,,,,,,,,,,,,1501.0625
1613652099,1613652099,,699.95,,,,,488.75,,,488.75,488.75,
1613652107,1613652107,4626,,73,656,,2574,,,7,,,
1613652110,1613652110,,,,,47,,,47,,,,
1613652119,1613652119,,,,,,,,,,,,1496.5
1613652129,1613652129,,680.2625,,,,,475.0625,,,475.0625,475.0625,
1613652137,1613652137,4596,,74,652,,2604,,,7,,,
1613652140,1613652140,,,,,51,,,51,,,,
1613652149,1613652149,,,,,,,,,,,,1507.75
1613652159,1613652159,,699.7,,,,,500.5,,,500.5,500.5,
1613652167,1613652167,4566,,74,651,,2634,,,7,,,
1613652170,1613652170,,,,,51,,,51,,,,
1613652179,1613652179,,,,,,,,,,,,1505.4375
1613652189,1613652189,,734.95,,,,,541.75,,,541.75,541.75,
1613652197,1613652197,4536,,74,647,,2664,,,7,,,
1613652200,1613652200,,,,,50,,,50,,,,
1613652209,1613652209,,,,,,,,,,,,1496.1875
1613652219,1613652219,,756.6375,,,,,569.4375,,,569.4375,569.4375,
1613652227,1613652227,4506,,74,645,,2694,,,7,,,
1613652230,1613652230,,,,,54,,,54,,,,
1613652239,1613652239,,,,,,,,,,,,1491.5625
1613652249,1613652249,,771.3875,,,,,590.1875,,,590.1875,590.1875,
1613652257,1613652257,4476,,74,644,,2724,,,7,,,
1613652260,1613652260,,,,,54,,,54,,,,
1613652269,1613652269,,,,,,,,,,,,1489.25
1613652279,1613652279,,790.7625,,,,,615.5625,,,615.5625,615.5625,
1613652287,1613652287,4446,,74,640,,2754,,,7,,,
1613652290,1613652290,,,,,59,,,59,,,,
1613652299,1613652299,,,,,,,,,,,,1480
1613652309,1613652309,,812.45,,,,,643.25,,,643.25,643.25,
1613652317,1613652317,4416,,74,638,,2784,,,7,,,
1613652320,1613652320,,,,,58,,,58,,,,
1613652329,1613652329,,,,,,,,,,,,1475.375
1613652339,1613652339,,827.2,,,,,664,,,664,664,
1613652347,1613652347,4386,,72,627,,2814,,,7,,,
1613652350,1613652350,,,,,57,,,57,,,,
1613652359,1613652359,,,,,,,,,,,,1410.75
1613652369,1613652369,,846.575,,,,,689.375,,,689.375,689.375,
1613652377,1613652377,4356,,72,623,,2844,,,7,,,
1613652380,1613652380,,,,,63,,,63,,,,
1613652389,1613652389,,,,,,,,,,,,1401.75
1613652399,1613652399,,805.95,,,,,654.75,,,654.75,654.75,
1613652407,1613652407,4326,,72,620,,2874,,,7,,,
1613652410,1613652410,,,,,62,,,62,,,,
1613652419,1613652419,,,,,,,,,,,,1395
1613652429,1613652429,,820.95,,,,,675.75,,,675.75,675.75,
1613652437,1613652437,4296,,72,620,,2904,,,7,,,
1613652440,1613652440,,,,,62,,,62,,,,
1613652449,1613652449,,,,,,,,,,,,1395
1613652459,1613652459,,838.2,,,,,699,,,699,699,
1613652467,1613652467,4266,,72,616,,2934,,,7,,,
1613652470,1613652470,,,,,69,,,69,,,,
1613652479,1613652479,,,,,,,,,,,,1386
1613652489,1613652489,,862.2,,,,,729,,,729,729,
1613652497,1613652497,4236,,72,613,,2964,,,7,,,
1613652500,1613652500,,,,,69,,,69,,,,
1613652509,1613652509,,,,,,,,,,,,1379.25
1613652519,1613652519,,877.2,,,,,750,,,750,750,
1613652527,1613652527,4206,,72,612,,2994,,,7,,,
1613652530,1613652530,,,,,77,,,77,,,,
1613652539,1613652539,,,,,,,,,,,,1377
1613652549,1613652549,,894.45,,,,,773.25,,,773.25,773.25,
1613652557,1613652557,4176,,72,609,,3024,,,7,,,
1613652560,1613652560,,,,,77,,,77,,,,
1613652569,1613652569,,,,,,,,,,,,1370.25
1613652579,1613652579,,916.2,,,,,801,,,801,801,
1613652587,1613652587,4146,,70,596,,3054,,,7,,,
1613652590,1613652590,,,,,75,,,75,,,,
1613652599,1613652599,,,,,,,,,,,,1303.75
1613652609,1613652609,,933.45,,,,,824.25,,,824.25,824.25,
1613652617,1613652617,4116,,70,594,,3084,,,7,,,
1613652620,1613652620,,,,,85,,,85,,,,
1613652629,1613652629,,,,,,,,,,,,1299.375
1613652639,1613652639,,890.95,,,,,787.75,,,787.75,787.75,
1613652647,1613652647,4086,,70,590,,3114,,,7,,,
1613652650,1613652650,,,,,85,,,85,,,,
1613652659,1613652659,,,,,,,,,,,,1290.625
1613652669,1613652669,,910.575,,,,,813.375,,,813.375,813.375,
1613652677,1613652677,4056,,70,589,,3144,,,7,,,
1613652680,1613652680,,,,,99,,,99,,,,
1613652689,1613652689,,,,,,,,,,,,1288.4375
1613652699,1613652699,,925.825,,,,,834.625,,,834.625,834.625,
1613652707,1613652707,4026,,70,586,,3174,,,7,,,
1613652710,1613652710,,,,,98,,,98,,,,
1613652719,1613652719,,,,,,,,,,,,1281.875
1613652729,1613652729,,947.6375,,,,,862.4375,,,862.4375,862.4375,
1613652737,1613652737,3996,,70,582,,3204,,,7,,,
1613652740,1613652740,,,,,97,,,97,,,,
1613652749,1613652749,,,,,,,,,,,,1273.125
1613652759,1613652759,,965.075,,,,,885.875,,,885.875,885.875,
1613652767,1613652767,3966,,70,582,,3234,,,7,,,
1613652770,1613652770,,,,,117,,,117,,,,
1613652779,1613652779,,,,,,,,,,,,1273.125
1613652789,1613652789,,980.325,,,,,907.125,,,907.125,907.125,
1613652797,1613652797,3936,,71,578,,3264,,,7,,,
1613652800,1613652800,,,,,116,,,116,,,,
1613652809,1613652809,,,,,,,,,,,,1282.4375
1613652819,1613652819,,1004.325,,,,,937.125,,,937.125,937.125,
1613652827,1613652827,3906,,69,564,,3294,,,7,,,
1613652830,1613652830,,,,,141,,,141,,,,
1613652839,1613652839,,,,,,,,,,,,1216.125
1613652849,1613652849,,1037.6375,,,,,976.4375,,,976.4375,976.4375,
1613652857,1613652857,3876,,69,563,,3324,,,7,,,
1613652860,1613652860,,,,,141,,,141,,,,
1613652869,1613652869,,,,,,,,,,,,1213.96875
1613652879,1613652879,,995.325,,,,,940.125,,,940.125,940.125,
1613652887,1613652887,3846,,69,559,,3354,,,7,,,
1613652890,1613652890,,,,,140,,,140,,,,
1613652899,1613652899,,,,,,,,,,,,1205.34375
1613652909,1613652909,,1017.16875,,,,,967.96875,,,967.96875,967.96875,
1613652917,1613652917,3816,,69,557,,3384,,,7,,,
1613652920,1613652920,,,,,186,,,186,,,,
1613652929,1613652929,,,,,,,,,,,,1201.03125
1613652939,1613652939,,1032.54375,,,,,989.34375,,,989.34375,989.34375,
1613652947,1613652947,3786,,69,556,,3414,,,7,,,
1613652950,1613652950,,,,,186,,,186,,,,
1613652959,1613652959,,,,,,,,,,,,1198.875
1613652969,1613652969,,1052.23125,,,,,1015.03125,,,1015.03125,1015.03125,
1613652977,1613652977,3756,,69,552,,3444,,,7,,,
1613652980,1613652980,,,,,276,,,276,,,,
1613652989,1613652989,,,,,,,,,,,,1190.25
1613652999,1613652999,,1074.075,,,,,1042.875,,,1042.875,1042.875,
1613653007,1613653007,3726,,69,551,,3474,,,7,,,
1613653010,1613653010,,,,,276,,,276,,,,
1613653019,1613653019,,,,,,,,,,,,1188.09375
1613653029,1613653029,,1089.45,,,,,1064.25,,,1064.25,1064.25,
1613653037,1613653037,3696,,69,548,,3504,,,7,,,
1613653040,1613653040,,,,,548,,,548,,,,
1613653049,1613653049,,,,,,,,,,,,1181.625
1613653059,1613653059,,1111.29375,,,,,1092.09375,,,1092.09375,1092.09375,
1613653067,1613653067,3666,,68,532,,3534,,,7,,,
1613653070,1613653070,,,,,532,,,532,,,,
1613653079,1613653079,,,,,,,,,,,,1130.5
1613653089,1613653089,,1128.825,,,,,1115.625,,,1115.625,1115.625,
1613653097,1613653097,3636,,68,532,,3564,,,7,,,
1613653109,1613653109,,,,,,,,,,,,1130.5
1613653119,1613653119,,1101.7,,,,,1094.5,,,1094.5,1094.5,
1613653127,1613653127,3606,,68,527,,3594,,,7,,,
1613653139,1613653139,,,,,,,,,,,,1119.875
1613653149,1613653149,,1125.7,,,,,1124.5,,,1124.5,1124.5,
1613653157,1613653157,3576,,68,526,,3624,,,7,,,
1613653169,1613653169,,,,,,,,,,,,1117.75
1613653179,1613653179,,1139.075,,,,,1143.875,,,1143.875,1143.875,
1613653187,1613653187,3546,,68,524,,3654,,,7,,,
1613653190,1613653190,,,,,-524,,,-524,,,,
1613653199,1613653199,,,,,,,,,,,,1113.5
1613653209,1613653209,,1160.95,,,,,1171.75,,,1171.75,1171.75,
1613653217,1613653217,3516,,68,520,,3684,,,7,,,
1613653220,1613653220,,,,,-520,,,-520,,,,
1613653229,1613653229,,,,,,,,,,,,1105
1613653239,1613653239,,1180.7,,,,,1197.5,,,1197.5,1197.5,
1613653247,1613653247,3486,,68,518,,3714,,,7,,,
1613653250,1613653250,,,,,-259,,,-259,,,,
1613653259,1613653259,,,,,,,,,,,,1100.75
1613653269,1613653269,,1196.2,,,,,1219,,,1219,1219,
1613653277,1613653277,3456,,68,517,,3744,,,7,,,
1613653280,1613653280,,,,,-258,,,-258,,,,
1613653289,1613653289,,,,,,,,,,,,1098.625
1613653299,1613653299,,1215.95,,,,,1244.75,,,1244.75,1244.75,
1613653307,1613653307,3426,,66,500,,3774,,,7,,,
1613653310,1613653310,,,,,-166,,,-166,,,,
1613653319,1613653319,,,,,,,,,,,,1031.25
1613653329,1613653329,,1237.825,,,,,1272.625,,,1272.625,1272.625,
1613653337,1613653337,3396,,66,497,,3804,,,7,,,
1613653340,1613653340,,,,,-165,,,-165,,,,
1613653349,1613653349,,,,,,,,,,,,1025.0625
1613653359,1613653359,,1194.45,,,,,1235.25,,,1235.25,1235.25,
1613653367,1613653367,3366,,66,496,,3834,,,7,,,
1613653370,1613653370,,,,,-124,,,-124,,,,
1613653379,1613653379,,,,,,,,,,,,1023
1613653389,1613653389,,1212.2625,,,,,1259.0625,,,1259.0625,1259.0625,
1613653397,1613653397,3336,,66,493,,3864,,,7,,,
1613653400,1613653400,,,,,-123,,,-123,,,,
1613653409,1613653409,,,,,,,,,,,,1016.8125
1613653419,1613653419,,1234.2,,,,,1287,,,1287,1287,
1613653427,1613653427,3306,,66,490,,3894,,,7,,,
1613653430,1613653430,,,,,-122,,,-122,,,,
1613653439,1613653439,,,,,,,,,,,,1010.625
1613653449,1613653449,,1252.0125,,,,,1310.8125,,,1310.8125,1310.8125,
1613653457,1613653457,3276,,66,488,,3924,,,7,,,
1613653460,1613653460,,,,,-97,,,-97,,,,
1613653469,1613653469,,,,,,,,,,,,1006.5
1613653479,1613653479,,1269.825,,,,,1334.625,,,1334.625,1334.625,
1613653487,1613653487,3246,,65,472,,3954,,,7,,,
1613653490,1613653490,,,,,-94,,,-94,,,,
1613653499,1613653499,,,,,,,,,,,,958.75
1613653509,1613653509,,1289.7,,,,,1360.5,,,1360.5,1360.5,
1613653517,1613653517,3216,,65,467,,3984,,,7,,,
1613653520,1613653520,,,,,-77,,,-77,,,,
1613653529,1613653529,,,,,,,,,,,,948.59375
1613653539,1613653539,,1265.95,,,,,1342.75,,,1342.75,1342.75,
1613653547,1613653547,3186,,65,466,,4014,,,7,,,
1613653550,1613653550,,,,,-77,,,-77,,,,
1613653559,1613653559,,,,,,,,,,,,946.5625
1613653569,1613653569,,1279.79375,,,,,1362.59375,,,1362.59375,1362.59375,
1613653577,1613653577,3156,,65,464,,4044,,,7,,,
1613653580,1613653580,,,,,-66,,,-66,,,,
1613653589,1613653589,,,,,,,,,,,,942.5
1613653599,1613653599,,1301.7625,,,,,1390.5625,,,1390.5625,1390.5625,
1613653607,1613653607,3126,,65,460,,4074,,,7,,,
1613653610,1613653610,,,,,-65,,,-65,,,,
1613653619,1613653619,,,,,,,,,,,,934.375
1613653629,1613653629,,1321.7,,,,,1416.5,,,1416.5,1416.5,
1613653637,1613653637,3096,,65,459,,4104,,,7,,,
1613653640,1613653640,,,,,-57,,,-57,,,,
1613653649,1613653649,,,,,,,,,,,,932.34375
1613653659,1613653659,,1337.575,,,,,1438.375,,,1438.375,1438.375,
1613653667,1613653667,3066,,65,457,,4134,,,7,,,
1613653670,1613653670,,,,,-57,,,-57,,,,
1613653679,1613653679,,,,,,,,,,,,928.28125
1613653689,1613653689,,1359.54375,,,,,1466.34375,,,1466.34375,1466.34375,
1613653697,1613653697,3036,,63,438,,4164,,,7,,,
1613653700,1613653700,,,,,-48,,,-48,,,,
1613653709,1613653709,,,,,,,,,,,,862.3125
1613653719,1613653719,,1379.48125,,,,,1492.28125,,,1492.28125,1492.28125,
1613653727,1613653727,3006,,63,436,,4194,,,7,,,
1613653730,1613653730,,,,,-48,,,-48,,,,
1613653739,1613653739,,,,,,,,,,,,858.375
1613653749,1613653749,,1337.5125,,,,,1456.3125,,,1456.3125,1456.3125,
1613653757,1613653757,2976,,63,434,,4224,,,7,,,
1613653760,1613653760,,,,,-43,,,-43,,,,
1613653769,1613653769,,,,,,,,,,,,854.4375
1613653779,1613653779,,1357.575,,,,,1482.375,,,1482.375,1482.375,
1613653787,1613653787,2946,,63,431,,4254,,,7,,,
1613653790,1613653790,,,,,-43,,,-43,,,,
1613653799,1613653799,,,,,,,,,,,,848.53125
1613653809,1613653809,,1377.6375,,,,,1508.4375,,,1508.4375,1508.4375,
1613653817,1613653817,2916,,63,429,,4284,,,7,,,
1613653820,1613653820,,,,,-39,,,-39,,,,
1613653829,1613653829,,,,,,,,,,,,844.59375
1613653839,1613653839,,1395.73125,,,,,1532.53125,,,1532.53125,1532.53125,
1613653847,1613653847,2886,,63,427,,4314,,,7,,,
1613653850,1613653850,,,,,-38,,,-38,,,,
1613653859,1613653859,,,,,,,,,,,,840.65625
1613653869,1613653869,,1415.79375,,,,,1558.59375,,,1558.59375,1558.59375,
1613653877,1613653877,2856,,61,407,,4344,,,7,,,
1613653880,1613653880,,,,,-33,,,-33,,,,
1613653889,1613653889,,,,,,,,,,,,775.84375
1613653899,1613653899,,1435.85625,,,,,1584.65625,,,1584.65625,1584.65625,
1613653907,1613653907,2826,,61,405,,4374,,,7,,,
1613653910,1613653910,,,,,-31,,,-31,,,,
1613653919,1613653919,,,,,,,,,,,,772.03125
1613653929,1613653929,,1395.04375,,,,,1549.84375,,,1549.84375,1549.84375,
1613653937,1613653937,2796,,61,403,,4404,,,7,,,
1613653940,1613653940,,,,,-31,,,-31,,,,
1613653949,1613653949,,,,,,,,,,,,768.21875
1613653959,1613653959,,1415.23125,,,,,1576.03125,,,1576.03125,1576.03125,
1613653967,1613653967,2766,,61,400,,4434,,,7,,,
1613653970,1613653970,,,,,-28,,,-28,,,,
1613653979,1613653979,,,,,,,,,,,,762.5
1613653989,1613653989,,1435.41875,,,,,1602.21875,,,1602.21875,1602.21875,
1613653997,1613653997,2736,,61,398,,4464,,,7,,,
1613654000,1613654000,,,,,-28,,,-28,,,,
1613654009,1613654009,,,,,,,,,,,,758.6875
1613654019,1613654019,,1453.7,,,,,1626.5,,,1626.5,1626.5,
1613654027,1613654027,2706,,60,379,,4494,,,7,,,
1613654030,1613654030,,,,,-25,,,-25,,,,
1613654039,1613654039,,,,,,,,,,,,710.625
1613654049,1613654049,,1473.8875,,,,,1652.6875,,,1652.6875,1652.6875,
1613654057,1613654057,2676,,60,376,,4524,,,7,,,
1613654060,1613654060,,,,,-25,,,-25,,,,
1613654069,1613654069,,,,,,,,,,,,705
1613654079,1613654079,,1449.825,,,,,1634.625,,,1634.625,1634.625,
1613654087,1613654087,2646,,60,372,,4554,,,7,,,
1613654090,1613654090,,,,,-23,,,-23,,,,
1613654099,1613654099,,,,,,,,,,,,697.5
1613654109,1613654109,,1468.2,,,,,1659,,,1659,1659,
1613654117,1613654117,2616,,60,372,,4584,,,7,,,
1613654120,1613654120,,,,,-23,,,-23,,,,
1613654129,1613654129,,,,,,,,,,,,697.5
1613654139,1613654139,,1484.7,,,,,1681.5,,,1681.5,1681.5,
1613654147,1613654147,2586,,60,369,,4614,,,7,,,
1613654150,1613654150,,,,,-21,,,-21,,,,
1613654159,1613654159,,,,,,,,,,,,691.875
1613654169,1613654169,,1508.7,,,,,1711.5,,,1711.5,1711.5,
1613654177,1613654177,2556,,59,347,,4644,,,7,,,
1613654180,1613654180,,,,,-19,,,-19,,,,
1613654189,1613654189,,,,,,,,,,,,639.78125
1613654199,1613654199,,1527.075,,,,,1735.875,,,1735.875,1735.875,
1613654207,1613654207,2526,,59,346,,4674,,,7,,,
1613654210,1613654210,,,,,-19,,,-19,,,,
1613654219,1613654219,,,,,,,,,,,,637.9375
1613654229,1613654229,,1498.98125,,,,,1713.78125,,,1713.78125,1713.78125,
1613654237,1613654237,2496,,59,343,,4704,,,7,,,
1613654240,1613654240,,,,,-18,,,-18,,,,
1613654249,1613654249,,,,,,,,,,,,632.40625
1613654259,1613654259,,1521.1375,,,,,1741.9375,,,1741.9375,1741.9375,
1613654267,1613654267,2466,,59,340,,4734,,,7,,,
1613654270,1613654270,,,,,-17,,,-17,,,,
1613654279,1613654279,,,,,,,,,,,,626.875
1613654289,1613654289,,1539.60625,,,,,1766.40625,,,1766.40625,1766.40625,
1613654297,1613654297,2436,,59,339,,4764,,,7,,,
1613654300,1613654300,,,,,-16,,,-16,,,,
1613654309,1613654309,,,,,,,,,,,,625.03125
1613654319,1613654319,,1558.075,,,,,1790.875,,,1790.875,1790.875,
1613654327,1613654327,2406,,58,317,,4794,,,7,,,
1613654330,1613654330,,,,,-15,,,-15,,,,
1613654339,1613654339,,,,,,,,,,,,574.5625
1613654349,1613654349,,1580.23125,,,,,1819.03125,,,1819.03125,1819.03125,
1613654357,1613654357,2376,,58,314,,4824,,,7,,,
1613654360,1613654360,,,,,-14,,,-14,,,,
1613654369,1613654369,,,,,,,,,,,,569.125
1613654379,1613654379,,1553.7625,,,,,1798.5625,,,1798.5625,1798.5625,
1613654387,1613654387,2346,,58,310,,4854,,,7,,,
1613654390,1613654390,,,,,-14,,,-14,,,,
1613654399,1613654399,,,,,,,,,,,,561.875
1613654409,1613654409,,1572.325,,,,,1823.125,,,1823.125,1823.125,
1613654417,1613654417,2316,,58,310,,4884,,,7,,,
1613654420,1613654420,,,,,-14,,,-14,,,,
1613654429,1613654429,,,,,,,,,,,,561.875
1613654439,1613654439,,1589.075,,,,,1845.875,,,1845.875,1845.875,
1613654447,1613654447,2286,,58,307,,4914,,,7,,,
1613654450,1613654450,,,,,-13,,,-13,,,,
1613654459,1613654459,,,,,,,,,,,,556.4375
1613654469,1613654469,,1613.075,,,,,1875.875,,,1875.875,1875.875,
1613654477,1613654477,2256,,57,283,,4944,,,7,,,
1613654480,1613654480,,,,,-11,,,-11,,,,
1613654489,1613654489,,,,,,,,,,,,504.09375
1613654499,1613654499,,1631.6375,,,,,1900.4375,,,1900.4375,1900.4375,
1613654507,1613654507,2226,,56,281,,4974,,,7,,,
1613654510,1613654510,,,,,-11,,,-11,,,,
1613654519,1613654519,,,,,,,,,,,,491.75
1613654529,1613654529,,1603.29375,,,,,1878.09375,,,1878.09375,1878.09375,
1613654537,1613654537,2196,,57,279,,5004,,,7,,,
1613654540,1613654540,,,,,-11,,,-11,,,,
1613654549,1613654549,,,,,,,,,,,,496.96875
1613654559,1613654559,,1614.95,,,,,1895.75,,,1895.75,1895.75,
1613654567,1613654567,2166,,55,255,,5034,,,7,,,
1613654570,1613654570,,,,,-9,,,-9,,,,
1613654579,1613654579,,,,,,,,,,,,438.28125
1613654589,1613654589,,1644.16875,,,,,1930.96875,,,1930.96875,1930.96875,
1613654597,1613654597,2136,,55,253,,5064,,,7,,,
1613654600,1613654600,,,,,-9,,,-9,,,,
1613654609,1613654609,,,,,,,,,,,,434.84375
1613654619,1613654619,,1609.48125,,,,,1902.28125,,,1902.28125,1902.28125,
1613654627,1613654627,2106,,55,249,,5094,,,7,,,
1613654630,1613654630,,,,,-9,,,-9,,,,
1613654639,1613654639,,,,,,,,,,,,427.96875
1613654649,1613654649,,1630.04375,,,,,1928.84375,,,1928.84375,1928.84375,
1613654657,1613654657,2076,,55,248,,5124,,,7,,,
1613654660,1613654660,,,,,-8,,,-8,,,,
1613654669,1613654669,,,,,,,,,,,,426.25
1613654679,1613654679,,1647.16875,,,,,1951.96875,,,1951.96875,1951.96875,
1613654687,1613654687,2046,,53,224,,5154,,,7,,,
1613654690,1613654690,,,,,-7,,,-7,,,,
1613654699,1613654699,,,,,,,,,,,,371
1613654709,1613654709,,1669.45,,,,,1980.25,,,1980.25,1980.25,
1613654717,1613654717,2016,,53,220,,5184,,,7,,,
1613654720,1613654720,,,,,-7,,,-7,,,,
1613654729,1613654729,,,,,,,,,,,,364.375
1613654739,1613654739,,1638.2,,,,,1955,,,1955,1955,
1613654747,1613654747,1986,,53,218,,5214,,,7,,,
1613654750,1613654750,,,,,-7,,,-7,,,,
1613654759,1613654759,,,,,,,,,,,,361.0625
1613654769,1613654769,,1655.575,,,,,1978.375,,,1978.375,1978.375,
1613654777,1613654777,1956,,53,217,,5244,,,7,,,
1613654780,1613654780,,,,,-7,,,-7,,,,
1613654789,1613654789,,,,,,,,,,,,359.40625
1613654799,1613654799,,1676.2625,,,,,2005.0625,,,2005.0625,2005.0625,
1613654807,1613654807,1926,,53,189,,5274,,,7,,,
1613654810,1613654810,,,,,-5,,,-5,,,,
1613654819,1613654819,,,,,,,,,,,,313.03125
1613654829,1613654829,,1698.60625,,,,,2033.40625,,,2033.40625,2033.40625,
1613654837,1613654837,1896,,51,162,,5304,,,7,,,
1613654840,1613654840,,,,,-4,,,-4,,,,
1613654849,1613654849,,,,,,,,,,,,258.1875
1613654859,1613654859,,1676.23125,,,,,2017.03125,,,2017.03125,2017.03125,
1613654867,1613654867,1866,,51,162,,5334,,,7,,,
1613654870,1613654870,,,,,-4,,,-4,,,,
1613654879,1613654879,,,,,,,,,,,,258.1875
1613654889,1613654889,,1645.3875,,,,,1992.1875,,,1992.1875,1992.1875,
1613654897,1613654897,1836,,51,157,,5364,,,7,,,
1613654900,1613654900,,,,,-4,,,-4,,,,
1613654909,1613654909,,,,,,,,,,,,250.21875
1613654919,1613654919,,1669.3875,,,,,2022.1875,,,2022.1875,2022.1875,
1613654927,1613654927,1806,,50,131,,5394,,,7,,,
1613654930,1613654930,,,,,-3,,,-3,,,,
1613654939,1613654939,,,,,,,,,,,,204.6875
1613654949,1613654949,,1685.41875,,,,,2044.21875,,,2044.21875,2044.21875,
1613654957,1613654957,1776,,51,129,,5424,,,7,,,
1613654960,1613654960,,,,,-3,,,-3,,,,
1613654969,1613654969,,,,,,,,,,,,205.59375
1613654979,1613654979,,1663.8875,,,,,2028.6875,,,2028.6875,2028.6875,
1613654987,1613654987,1746,,49,98,,5454,,,7,,,
1613654990,1613654990,,,,,-2,,,-2,,,,
1613654999,1613654999,,,,,,,,,,,,150.0625
1613655009,1613655009,,1688.79375,,,,,2059.59375,,,2059.59375,2059.59375,
1613655017,1613655017,1716,,47,69,,5484,,,7,,,
1613655020,1613655020,,,,,-1,,,-1,,,,
1613655029,1613655029,,,,,,,,,,,,101.34375
1613655039,1613655039,,1657.2625,,,,,2034.0625,,,2034.0625,2034.0625,
1613655047,1613655047,1686,,47,61,,5514,,,7,,,
1613655050,1613655050,,,,,-1,,,-1,,,,
1613655059,1613655059,,,,,,,,,,,,89.59375
1613655069,1613655069,,1632.54375,,,,,2015.34375,,,2015.34375,2015.34375,
1613655077,1613655077,1656,,45,6,,5544,,,7,,,
1613655080,1613655080,,,,,0,,,0,,,,
1613655089,1613655089,,,,,,,,,,,,8.4375
1613655099,1613655099,,1644.79375,,,,,2033.59375,,,2033.59375,2033.59375,
1613655107,1613655107,1626,,45,4,,5574,,,7,,,
1613655110,1613655110,,,,,0,,,0,,,,
1613655119,1613655119,,,,,,,,,,,,5.625
1613655129,1613655129,,1587.6375,,,,,1982.4375,,,1982.4375,1982.4375,
1613655137,1613655137,1596,,45,0,,5604,,,7,,,
1613655140,1613655140,,,,,0,,,0,,,,
1613655149,1613655149,,,,,,,,,,,,0
1613655159,1613655159,,1608.825,,,,,2009.625,,,2009.625,2009.625,
1613655170,1613655170,,,,,0,,,0,,,,
1613655189,1613655189,,1603.2,,,,,2004,,,2004,2004,
